1st Security Bank of Washington,
Banc of California,
Bank of Guam,
Bank of Marin,
Bank of the Sierra,
Bank of the Sierra,
Bank of Utah,
Central Bank,https://www.usbanklocations.com/central-bank-9204.shtml
Central Valley Community Bank,
Citizens Business Bank,
Commonwealth Business Bank,
Community West Bank,
D. L. Evans Bank,
EH National Bank,
"El Dorado Savings Bank, F.S.B.",
Exchange Bank,https://www.usbanklocations.com/exchange-bank-8468.shtml
Farmers & Merchants Bank of Central California,https://www.usbanklocations.com/farmers-merchants-bank-of-central-california.shtml
First Choice Bank,https://www.usbanklocations.com/first-choice-bank-57966.shtml
First Financial Northwest Bank,
First Foundation Bank,
First Northern Bank of Dixon,https://www.usbanklocations.com/first-northern-bank-of-dixon.shtml
Five Star Bank,https://www.usbanklocations.com/five-star-bank-35361.shtml
Heritage Bank,https://www.usbanklocations.com/heritage-bank-29012.shtml
Heritage Bank of Commerce,
Luther Burbank Savings,
Merchants Bank of Commerce,
Montecito Bank & Trust,
Opportunity Bank of Montana,
Pacific CIty Bank,
Pacific Mercantile Bank,
Pacific Premier Bank,
Pacific Western Bank,
People's Intermountain Bank,
Provident Savings Bank,https://www.usbanklocations.com/provident-savings-bank-f-s-b.shtml
Rabobank,
Santa Cruz County Bank,
Savings Bank of Mendocino County,
Seacoast Commerce Bank,
Silvergate Bank,
State Bank of Southern Utah,
Summit State Bank,
Sunwest Bank,
Umpqua Bank,
Wells Fargo Bank,
Zions Bancorporation,https://www.usbanklocations.com/zions-bancorporation-n-a.shtml