Bank Name,Headquarters,Asset Size,Income,Link
Wells Fargo Bank,,,,https://www.usbanklocations.com/wells-fargo-bank.shtml
"Zions Bancorporation, N.A.",,,,https://www.usbanklocations.com/zions-bancorporation-n-a.shtml
Umpqua Bank,,,,https://www.usbanklocations.com/umpqua-bank.shtml
Pacific Western Bank,,,,https://www.usbanklocations.com/pacific-western-bank.shtml
Rabobank,,,,https://www.usbanklocations.com/rabobank.shtml
Pacific Premier Bank,,,,https://www.usbanklocations.com/pacific-premier-bank.shtml
Citizens Business Bank,,,,https://www.usbanklocations.com/citizens-business-bank.shtml
Banc of California,,,,https://www.usbanklocations.com/banc-of-california.shtml
Luther Burbank Savings,,,,https://www.usbanklocations.com/luther-burbank-savings.shtml
First Foundation Bank,,,,https://www.usbanklocations.com/first-foundation-bank.shtml
Wells Fargo Bank South Central,,,,https://www.usbanklocations.com/wells-fargo-bank-south-central.shtml
Five Star Bank,,,,https://www.usbanklocations.com/five-star-bank-659.shtml
Five Star Bank 2,,,,https://www.usbanklocations.com/five-star-bank-35361.shtml
Farmers & Merchants Bank of Central California,,,,https://www.usbanklocations.com/farmers-merchants-bank-of-central-california.shtml
Heritage Bank of Commerce,,,,https://www.usbanklocations.com/heritage-bank-of-commerce.shtml
Heritage Bank of Commerce,,,,https://www.usbanklocations.com/heritage-bank-of-commerce.shtml
Exchange Bank,,,,https://www.usbanklocations.com/exchange-bank-8468.shtml
Exchange Bank 2,,,,https://www.usbanklocations.com/exchange-bank-1435.shtml
Exchange Bank 3,,,,https://www.usbanklocations.com/exchange-bank-160.shtml
Central Bank & Trust Company,,,,https://www.usbanklocations.com/central-bank-trust-company.shtml
Bank of the Sierra,,,,https://www.usbanklocations.com/bank-of-the-sierra.shtml
Bank of the Sierra,,,,https://www.usbanklocations.com/bank-of-the-sierra.shtml
Bank of Marin,,,,https://www.usbanklocations.com/bank-of-marin.shtml
People's Intermountain Bank,,,,https://www.usbanklocations.com/people-s-intermountain-bank.shtml
"El Dorado Savings Bank, F.S.B.",,,,https://www.usbanklocations.com/el-dorado-savings-bank-f-s-b.shtml
Central Bank of Boone County,,,,https://www.usbanklocations.com/central-bank-of-boone-county.shtml
National Exchange Bank and Trust,,,,https://www.usbanklocations.com/national-exchange-bank-and-trust.shtml
Bank of Guam,,,,https://www.usbanklocations.com/bank-of-guam.shtml
Silvergate Bank,,,,https://www.usbanklocations.com/silvergate-bank.shtml
Central Bank of the Midwest,,,,https://www.usbanklocations.com/central-bank-of-the-midwest.shtml
First Choice Bank,,,,https://www.usbanklocations.com/first-choice-bank-57966.shtml
First Choice Bank 2,,,,https://www.usbanklocations.com/first-choice-bank-5006.shtml
1st Security Bank of Washington,,,,https://www.usbanklocations.com/1st-security-bank-of-washington.shtml
D. L. Evans Bank,,,,https://www.usbanklocations.com/d-l-evans-bank.shtml
Central Valley Community Bank,,,,https://www.usbanklocations.com/central-valley-community-bank.shtml
Montecito Bank & Trust,,,,https://www.usbanklocations.com/montecito-bank-trust.shtml
Merchants Bank of Commerce,,,,https://www.usbanklocations.com/merchants-bank-of-commerce.shtml
Central Bank of The Ozarks,,,,https://www.usbanklocations.com/central-bank-of-the-ozarks.shtml
Bank of Utah,,,,https://www.usbanklocations.com/bank-of-utah.shtml
Pacific Mercantile Bank,,,,https://www.usbanklocations.com/pacific-mercantile-bank.shtml
Five Star Bank,,,,https://www.usbanklocations.com/five-star-bank-659.shtml
Five Star Bank 2,,,,https://www.usbanklocations.com/five-star-bank-35361.shtml
Sunwest Bank,,,,https://www.usbanklocations.com/sunwest-bank.shtml
First Financial Northwest Bank,,,,https://www.usbanklocations.com/first-financial-northwest-bank.shtml
First Northern Bank of Dixon,,,,https://www.usbanklocations.com/first-northern-bank-of-dixon.shtml
"South Central Bank, Inc.",,,,https://www.usbanklocations.com/south-central-bank-inc.shtml
State Bank of Southern Utah,,,,https://www.usbanklocations.com/state-bank-of-southern-utah.shtml
American Heritage Bank,,,,https://www.usbanklocations.com/american-heritage-bank-4190.shtml
American Heritage Bank 2,,,,https://www.usbanklocations.com/american-heritage-bank-57025.shtml
"Provident Savings Bank, F.S.B.",,,,https://www.usbanklocations.com/provident-savings-bank-f-s-b.shtml
Savings Bank of Mendocino County,,,,https://www.usbanklocations.com/savings-bank-of-mendocino-county.shtml
"Texas Exchange Bank, ssb",,,,https://www.usbanklocations.com/texas-exchange-bank-ssb.shtml
Seacoast Commerce Bank,,,,https://www.usbanklocations.com/seacoast-commerce-bank.shtml
Opportunity Bank of Montana,,,,https://www.usbanklocations.com/opportunity-bank-of-montana.shtml
Exchange Bank,,,,https://www.usbanklocations.com/exchange-bank-8468.shtml
Exchange Bank 2,,,,https://www.usbanklocations.com/exchange-bank-1435.shtml
Exchange Bank 3,,,,https://www.usbanklocations.com/exchange-bank-160.shtml
"Heritage Bank USA, Inc.",,,,https://www.usbanklocations.com/heritage-bank-usa-inc.shtml
Central Bank Illinois,,,,https://www.usbanklocations.com/central-bank-illinois.shtml
Community West Bank,,,,https://www.usbanklocations.com/community-west-bank.shtml
"Heritage Bank, Inc.",,,,https://www.usbanklocations.com/heritage-bank-inc.shtml
Heritage Bank of Nevada,,,,https://www.usbanklocations.com/heritage-bank-of-nevada.shtml
"Wells Fargo Bank, Ltd.",,,,https://www.usbanklocations.com/wells-fargo-bank-ltd.shtml
Central Bank of Lake of the Ozarks,,,,https://www.usbanklocations.com/central-bank-of-lake-of-the-ozarks.shtml
Central Bank of Oklahoma,,,,https://www.usbanklocations.com/central-bank-of-oklahoma.shtml
Santa Cruz County Bank,,,,https://www.usbanklocations.com/santa-cruz-county-bank.shtml
Summit State Bank,,,,https://www.usbanklocations.com/summit-state-bank.shtml
The Heritage Bank,,,,https://www.usbanklocations.com/the-heritage-bank.shtml
Exchange Bank & Trust,,,,https://www.usbanklocations.com/exchange-bank-trust.shtml
Peoples Exchange Bank,,,,https://www.usbanklocations.com/peoples-exchange-bank-8785.shtml
Peoples Exchange Bank 2,,,,https://www.usbanklocations.com/peoples-exchange-bank-70.shtml
Central Bank of Sedalia,,,,https://www.usbanklocations.com/central-bank-of-sedalia.shtml
Central Bank of Branson,,,,https://www.usbanklocations.com/central-bank-of-branson.shtml
Coastal Heritage Bank,,,,https://www.usbanklocations.com/coastal-heritage-bank.shtml
First Choice Bank,,,,https://www.usbanklocations.com/first-choice-bank-57966.shtml
First Choice Bank 2,,,,https://www.usbanklocations.com/first-choice-bank-5006.shtml
Southern Heritage Bank,,,,https://www.usbanklocations.com/southern-heritage-bank.shtml
South Central Bank,,,,https://www.usbanklocations.com/south-central-bank.shtml
Exchange Bank and Trust Company,,,,https://www.usbanklocations.com/exchange-bank-and-trust-company.shtml
The Exchange Bank of Alabama,,,,https://www.usbanklocations.com/the-exchange-bank-of-alabama.shtml
First Exchange Bank,,,,https://www.usbanklocations.com/first-exchange-bank.shtml
"Midwest Heritage Bank, FSB",,,,https://www.usbanklocations.com/midwest-heritage-bank-fsb.shtml
The Stock Exchange Bank,,,,https://www.usbanklocations.com/the-stock-exchange-bank.shtml
Central Bank of Warrensburg,,,,https://www.usbanklocations.com/central-bank-of-warrensburg.shtml
Exchange Bank,,,,https://www.usbanklocations.com/exchange-bank-8468.shtml
Exchange Bank 2,,,,https://www.usbanklocations.com/exchange-bank-1435.shtml
Exchange Bank 3,,,,https://www.usbanklocations.com/exchange-bank-160.shtml
Western Heritage Bank,,,,https://www.usbanklocations.com/western-heritage-bank.shtml
EH National Bank,,,,https://www.usbanklocations.com/eh-national-bank.shtml
Exchange Bank of Missouri,,,,https://www.usbanklocations.com/exchange-bank-of-missouri.shtml
Central Bank of Moberly,,,,https://www.usbanklocations.com/central-bank-of-moberly.shtml
Dakota Heritage Bank of North Dakota,,,,https://www.usbanklocations.com/dakota-heritage-bank-of-north-dakota.shtml
West Central Bank,,,,https://www.usbanklocations.com/west-central-bank.shtml
Central Bank of Audrain County,,,,https://www.usbanklocations.com/central-bank-of-audrain-county.shtml
First Heritage Bank,,,,https://www.usbanklocations.com/first-heritage-bank-4636.shtml
First Heritage Bank 2,,,,https://www.usbanklocations.com/first-heritage-bank-4457.shtml
Heritage Bank & Trust,,,,https://www.usbanklocations.com/heritage-bank-trust.shtml
Home Exchange Bank,,,,https://www.usbanklocations.com/home-exchange-bank.shtml
Central Bank of Kansas City,,,,https://www.usbanklocations.com/central-bank-of-kansas-city.shtml
"Exchange Bank and Trust Company, Natchitoches, Louisiana",,,,https://www.usbanklocations.com/exchange-bank-and-trust-company-natchitoches-louisiana.shtml
Central Bank and Trust,,,,https://www.usbanklocations.com/central-bank-and-trust.shtml
Exchange Bank of Northeast Missouri,,,,https://www.usbanklocations.com/exchange-bank-of-northeast-missouri.shtml
Lake Central Bank,,,,https://www.usbanklocations.com/lake-central-bank.shtml
Texas Heritage Bank,,,,https://www.usbanklocations.com/texas-heritage-bank.shtml
Heritage Bank of Schaumburg,,,,https://www.usbanklocations.com/heritage-bank-of-schaumburg.shtml
Minden Exchange Bank & Trust Company,,,,https://www.usbanklocations.com/minden-exchange-bank-trust-company.shtml
Heritage Bank of the Ozarks,,,,https://www.usbanklocations.com/heritage-bank-of-the-ozarks.shtml
Security State Bank of Marine,,,,https://www.usbanklocations.com/security-state-bank-of-marine.shtml
First Central Bank McCook,,,,https://www.usbanklocations.com/first-central-bank-mccook.shtml
Heritage Bank of St Tammany,,,,https://www.usbanklocations.com/heritage-bank-of-st-tammany.shtml
North Central Bank,,,,https://www.usbanklocations.com/north-central-bank.shtml
Valley Central Bank,,,,https://www.usbanklocations.com/valley-central-bank.shtml
First Central Bank,,,,https://www.usbanklocations.com/first-central-bank.shtml
The Antwerp Exchange Bank Company,,,,https://www.usbanklocations.com/the-antwerp-exchange-bank-company.shtml
The Exchange Bank,,,,https://www.usbanklocations.com/the-exchange-bank.shtml
Philo Exchange Bank,,,,https://www.usbanklocations.com/philo-exchange-bank.shtml
Miners Exchange Bank,,,,https://www.usbanklocations.com/miners-exchange-bank.shtml
American Heritage Bank,,,,https://www.usbanklocations.com/american-heritage-bank-4190.shtml
American Heritage Bank 2,,,,https://www.usbanklocations.com/american-heritage-bank-57025.shtml
Oklahoma Heritage Bank,,,,https://www.usbanklocations.com/oklahoma-heritage-bank.shtml
"American Exchange Bank, Lindsay, Oklahoma",,,,https://www.usbanklocations.com/american-exchange-bank-lindsay-oklahoma.shtml
American Exchange Bank,,,,https://www.usbanklocations.com/american-exchange-bank-428.shtml
American Exchange Bank 2,,,,https://www.usbanklocations.com/american-exchange-bank-10647.shtml
Peoples Exchange Bank,,,,https://www.usbanklocations.com/peoples-exchange-bank-8785.shtml
Peoples Exchange Bank 2,,,,https://www.usbanklocations.com/peoples-exchange-bank-70.shtml
Valley Exchange Bank,,,,https://www.usbanklocations.com/valley-exchange-bank.shtml
The State Exchange Bank,,,,https://www.usbanklocations.com/the-state-exchange-bank-13551.shtml
The State Exchange Bank 2,,,,https://www.usbanklocations.com/the-state-exchange-bank-17375.shtml
G. W. Jones Exchange Bank,,,,https://www.usbanklocations.com/g-w-jones-exchange-bank.shtml
Heritage Bank Minnesota,,,,https://www.usbanklocations.com/heritage-bank-minnesota.shtml
"The Stock Exchange Bank, Caldwell, Kansas",,,,https://www.usbanklocations.com/the-stock-exchange-bank-caldwell-kansas.shtml
American Exchange Bank,,,,https://www.usbanklocations.com/american-exchange-bank-428.shtml
American Exchange Bank 2,,,,https://www.usbanklocations.com/american-exchange-bank-10647.shtml
First Heritage Bank,,,,https://www.usbanklocations.com/first-heritage-bank-4636.shtml
First Heritage Bank 2,,,,https://www.usbanklocations.com/first-heritage-bank-4457.shtml
State Central Bank,,,,https://www.usbanklocations.com/state-central-bank.shtml
The State Exchange Bank,,,,https://www.usbanklocations.com/the-state-exchange-bank-13551.shtml
The State Exchange Bank 2,,,,https://www.usbanklocations.com/the-state-exchange-bank-17375.shtml
